company_name,website
Freedom Won,https://www.freedomwon.co.za
Revov Batteries,https://www.revov.co.za
Metair Investments,https://www.metair.co.za
Rubicon,https://www.rubiconsa.com
Victron Energy SA,https://www.victronenergy.co.za
Solar Advice,https://www.solaradvice.co.za
Energy Partners,https://www.energypartners.co.za
GreenCape,https://www.greencape.co.za
WSP Africa,https://www.wsp.com/en-ZA
Ignite Fitness,https://www.ignitefitness.co.za
Viva Gym,https://www.vivagym.co.za
Bodytec,https://www.bodytec.co.za
Curves South Africa,https://www.curves.co.za
Life Fitness SA,https://www.lifefitness.co.za
Complete Cyclist,https://www.completecyclist.co.za
Bike Addict,https://www.bikeaddict.co.za
Voltalia South Africa,https://www.voltalia.com/za
SolarAfrica,https://www.solarafrica.co.za
Blue Sun Energy,https://www.bluesunenergy.co.za
Renewable Energy Hub,https://www.renewablehub.co.za
SolarFlex,https://www.solarflex.co.za
PowerGym,https://www.powergym.co.za
CyclePro SA,https://www.cycleprosa.co.za
EnergyTech Solutions,https://www.energytechsolutions.co.za
ActiveGear,https://www.activegear.co.za
PedalForce,https://www.pedalforce.co.za
Mechtron,https://www.mechtron.co.za
GreenCharge,https://www.greencharge.co.za
InnovateFit,https://www.innovatefit.co.za
SunVolt,https://www.sunvolt.co.za
CycleWorld,https://www.cycleworld.co.za
ElectroFit,https://www.electrofit.co.za
PowerSpin,https://www.powerspin.co.za
MechGen,https://www.mechgen.co.za
EnergyFit,https://www.energyfit.co.za
SolarGym,https://www.solargym.co.za
FitVolt,https://www.fitvolt.co.za
TechRide,https://www.techride.co.za
PowerCycle,https://www.powercycle.co.za
ActiveEnergy,https://www.activeenergy.co.za
MechFit,https://www.mechfit.co.za
GreenPedal,https://www.greenpedal.co.za
SunRide,https://www.sunride.co.za
GymVolt,https://www.gymvolt.co.za
CycleForce,https://www.cycleforce.co.za
EnergyMotion,https://www.energymotion.co.za
FitSpin,https://www.fitspin.co.za
MechPower,https://www.mechpower.co.za
SolarCycle,https://www.solarcycle.co.za
PowerFit,https://www.powerfit.co.za
ActivePedal,https://www.activepedal.co.za
TechEnergy,https://www.techenergy.co.za
GreenFit,https://www.greenfit.co.za
CycleVolt,https://www.cyclevolt.co.za
MechMotion,https://www.mechmotion.co.za
EnergyRide,https://www.energyride.co.za
FitPower,https://www.fitpower.co.za
SolarSpin,https://www.solarspin.co.za
GymCycle,https://www.gymcycle.co.za
PedalTech,https://www.pedaltech.co.za
PowerMotion,https://www.powermotion.co.za
MechSolar,https://www.mechsolar.co.za
EnergySpin,https://www.energyspin.co.za
FitRide,https://www.fitride.co.za
CycleEnergy,https://www.cycleenergy.co.za
GreenPower,https://www.greenpower.co.za
SolarFit,https://www.solarfit.co.za
GymVolta,https://www.gymvolta.co.za
ActiveSun,https://www.activesun.co.za
PowerTech,https://www.powertech.co.za
FitMotion,https://www.fitmotion.co.za
CycleFit,https://www.cyclefit.co.za
EnergyVolt,https://www.energyvolt.co.za
SolarMotion,https://www.solarmotion.co.za
GymEnergy,https://www.gymenergy.co.za
PedalPower SA,https://www.pedalpowersa.co.za
MechRide,https://www.mechride.co.za
ActiveCycle,https://www.activecycle.co.za
PowerPedal,https://www.powerpedal.co.za
FitEnergy,https://www.fitenergy.co.za
EnergyGym,https://www.energygym.co.za
SolarPedal,https://www.solarpedal.co.za
MechVolt,https://www.mechvolt.co.za
ActiveTech,https://www.activetech.co.za
PowerSpin SA,https://www.powerspinsa.co.za
FitVolta,https://www.fitvolta.co.za
EnergyFit SA,https://www.energyfitsa.co.za
SolarRide,https://www.solarride.co.za
MechFit SA,https://www.mechfitsa.co.za
PedalMotion,https://www.pedalmotion.co.za
ActivePower,https://www.activepower.co.za
GreenVolt,https://www.greenvolt.co.za
FitSun,https://www.fitsun.co.za
CycleVolta,https://www.cyclevolta.co.za
EnergyMotion SA,https://www.energymotionsa.co.za
SolarFit SA,https://www.solarfitsa.co.za
MechEnergy SA,https://www.mechenergysa.co.za
PowerRide,https://www.powerride.co.za
ActiveEnergy SA,https://www.activeenergysa.co.za
GymTech,https://www.gymtech.co.za
CycleFit SA,https://www.cyclefitsa.co.za
FitPower SA,https://www.fitpowersa.co.za
EnergyPedal,https://www.energypedal.co.za
SolarGym SA,https://www.solargymsa.co.za
MechSpin,https://www.mechspin.co.za
ActiveFit,https://www.activefit.co.za
PowerVolt,https://www.powervolt.co.za
CycleMotion,https://www.cyclemotion.co.za
EnergyFit Pro,https://www.energyfitpro.co.za
SolarPower Gym,https://www.solarpowergym.co.za
MechFit Pro,https://www.mechfitpro.co.za
FitMotion SA,https://www.fitmotionsa.co.za
CyclePower,https://www.cyclepower.co.za
EnergyMotion Pro,https://www.energymotionpro.co.za
SolarSpin SA,https://www.solarspinsa.co.za
MechRide SA,https://www.mechridesa.co.za
PowerFit Pro,https://www.powerfitpro.co.za
FitSolar,https://www.fitsolar.co.za
CycleTech SA,https://www.cycletechsa.co.za
EnergyGym Pro,https://www.energygympro.co.za
SolarFit Pro,https://www.solarfitpro.co.za
MechPower SA,https://www.mechpowersa.co.za
PedalVolt,https://www.pedalvolt.co.za
ActiveSpin,https://www.activespin.co.za
PowerCycle SA,https://www.powercyclesa.co.za
EnergyRide SA,https://www.energyridesa.co.za
SolarMotion SA,https://www.solarmotionsa.co.za
MechEnergy Pro,https://www.mechenergypro.co.za
GreenFit SA,https://www.greenfitsa.co.za
CycleVolt Pro,https://www.cyclevoltpro.co.za
ActiveEnergy Pro,https://www.activeenergypro.co.za
PowerPedal SA,https://www.powerpedalsa.co.za
FitVolt Pro,https://www.fitvoltpro.co.za
EnergySpin SA,https://www.energyspinsa.co.za
MechFit Pro SA,https://www.mechfitprosa.co.za
ActiveMotion,https://www.activemotion.co.za
PowerTech Gym,https://www.powertechgym.co.za
GreenSpin,https://www.greenspin.co.za
CycleFit Pro,https://www.cyclefitpro.co.za
EnergyVolta,https://www.energyvolta.co.za
SolarRide SA,https://www.solarridesa.co.za
MechMotion SA,https://www.mechmotionsa.co.za
PedalTech SA,https://www.pedaltechsa.co.za
ActiveSolar,https://www.activesolar.co.za
PowerMotion SA,https://www.powermotionsa.co.za
FitSun SA,https://www.fitsunsa.co.za
EnergyCycle,https://www.energycycle.co.za
SolarVolt Gym,https://www.solarvoltgym.co.za
MechFit Pro Max,https://www.mechfitpromax.co.za
GreenRide,https://www.greenride.co.za
CycleEnergy SA,https://www.cycleenergysa.co.za
ActivePower Gym,https://www.activepowergym.co.za
PowerSpin Pro,https://www.powerspinpro.co.za
FitMotion Max,https://www.fitmotionmax.co.za
EnergyTech Gym,https://www.energytechgym.co.za
SolarFit Max,https://www.solarfitmax.co.za
MechEnergy Max,https://www.mechenergymax.co.za
ActiveVolt Gym,https://www.activevoltgym.co.za
Sasol,https://www.sasol.com
Barloworld,https://www.barloworld.com
Bidvest,https://www.bidvest.co.za
Super Group,https://www.supergroup.co.za
Unitrans,https://www.unitrans.co.za
Zeda,https://www.zeda.co.za
Motus,https://www.motus.co.za
CMH Group,https://www.cmh.co.za
Kia SA,https://www.kia.co.za
Hyundai SA,https://www.hyundai.co.za
Ford SA,https://www.ford.co.za
Toyota SA,https://www.toyota.co.za
VW SA,https://www.vw.co.za
Renault SA,https://www.renault.co.za
Nissan SA,https://www.nissan.co.za
Isuzu SA,https://www.isuzu.co.za
Mahindra SA,https://www.mahindra.co.za
Haval SA,https://www.haval.co.za
GWM SA,https://www.gwm.co.za
Suzuki SA,https://www.suzukiauto.co.za
Tiger Wheel & Tyre,https://www.twt.co.za
Hi-Q,https://www.hiq.co.za
Supaquick,https://www.supaquick.co.za
Speedy,https://www.speedy.co.za
AutoZone,https://www.autozone.co.za
Midas,https://www.midas.co.za
Alert Engine Parts,https://www.alertengineparts.co.za
Battery Centre,https://www.batterycentre.co.za
Willard,https://www.willard.co.za
ACDC Dynamics,https://www.acdc.co.za
ARB,https://www.arb.co.za
Voltex,https://www.voltex.co.za
Eurolux,https://www.eurolux.co.za
Ellies,https://www.ellies.co.za
Sunsynk SA,https://www.sunsynk.com/za
Blue Nova,https://www.bluenova.co.za
SolarMD,https://www.solarmd.co.za
Hubble Lithium,https://www.hubblelithium.co.za
Pylontech SA,https://www.pylontech.co.za
Enphase SA,https://www.enphase.com/en-za
SMA SA,https://www.sma-southafrica.com
Fronius SA,https://www.fronius.com/en-za
SolarEdge SA,https://www.solaredge.com/za
Growatt SA,https://www.growatt.com
GoodWe SA,https://www.goodwe.com
Sungrow SA,https://www.sungrowpower.com
Canadian Solar SA,https://www.canadiansolar.com
JA Solar SA,https://www.jasolar.com
Trina Solar SA,https://www.trinasolar.com
Longi SA,https://www.longi.com
Jinko SA,https://www.jinkosolar.com
ArtSolar,https://www.artsolar.co.za
Hohm Energy,https://www.hohmenergy.co.za
GoSolr,https://www.gosolr.com
Wetility,https://www.wetility.africa
Planet42,https://www.planet42.com
FlexClub,https://www.flexclub.com
Pineapple Insurance,https://www.pineapple.co.za
Naked Insurance,https://www.naked.insure
King Price,https://www.kingprice.co.za
OUTsurance,https://www.outsurance.co.za
Discovery Insure,https://www.discovery.co.za/insure
Santam,https://www.santam.co.za
Hollard,https://www.hollard.co.za
Old Mutual Insure,https://www.ominsure.co.za
MiWay,https://www.miway.co.za
Momentum Insure,https://www.momentum.co.za
Budget Insurance,https://www.budgetinsurance.co.za
Auto & General,https://www.autogen.co.za
First for Women,https://www.firstforwomen.co.za
Virseker,https://www.virseker.co.za
PSG Insure,https://www.psg.co.za/psg-insure
Indwe Risk Services,https://www.indwerisk.co.za
Marsh Africa,https://www.marsh.com/za
Aon South Africa,https://www.aon.co.za
WTW South Africa,https://www.wtwco.com/en-ZA
Tiger Brands,https://www.tigerbrands.com
Pioneer Foods,https://www.pioneerfoods.co.za
RCL Foods,https://www.rclfoods.com
Astral Foods,https://www.astralfoods.com
Premier Group,https://www.premiergroup.co.za
Libstar,https://www.libstar.co.za
Oceana Group,https://www.oceana.co.za
Sappi,https://www.sappi.com
Mondi SA,https://www.mondi.com
Nampak,https://www.nampak.com
PPC Cement,https://www.ppc.co.za
Sephaku Cement,https://www.sephakucement.co.za
AfriSam,https://www.afrisam.com
Murray & Roberts,https://www.murrob.com
WBHO,https://www.wbho.co.za
Stefanutti Stocks,https://www.stefanuttistocks.com
Aveng,https://www.aveng.co.za
Raubex,https://www.raubex.com
Group Five,https://www.groupfive.co.za
Basil Read,https://www.basilread.co.za
